{"cameraMode":{"drawMode":0,"name":"Shaded","section":"Shading Mode"},"sceneLighting":true,"audioPlay":false,"sceneViewState":{"m_AlwaysRefresh":false,"showFog":true,"showSkybox":true,"showFlares":true,"showImageEffects":true,"showParticleSystems":true,"showVisualEffectGraphs":true,"m_FxEnabled":true},"in2DMode":false,"pivot":{"x":-0.43704986572265627,"y":1.2559192180633546,"z":-0.19475054740905763},"rotation":{"x":-0.056516122072935107,"y":0.9282320141792297,"z":-0.15800896286964417,"w":-0.33200907707214358},"size":2.5010573863983156,"orthographic":false}